"Built by Nordhealth - trusted by 30,000+ Nordic healthcare professionals",Bygget av Nordhealth – brukt av over 30 000 nordiske helseprofesjonelle.
AI documentation that protects clinical judgement,AI-dokumentasjon som ivaretar ditt kliniske skjønn
Turn every consultation into documentation you trust.,Gjør hver konsultasjon til dokumentasjon du kan stole på
"High-quality, personalized clinical notes in seconds designed to protect your clinical judgment.","Personlige, kliniske notater av høy kvalitet – på få sekunder. Utviklet for å støtte og beskytte ditt kliniske skjønn"
General Practitioners,Fastleger
Care is human. Admin doesn’t have to be.,Omsorg er menneskelig. Administrasjon trenger ikke være det.
"Nordhealth Nora automates your documentation with clinical precision and quality, capturing the details that matter to strengthen your professional judgment. By generating all essential GP documents, including visit summaries, referrals, and sick notes - from a single consultation, it significantly reduces your administrative burden during the active workday. You maintain absolute control with zero diagnostic automation, ensuring every note remains entirely your own.","For fastleger og privatpraktiserende leger i allmennpraksis bidrar Nordhealth Nora til å redusere dokumentasjonsarbeidet uten å gå på bekostning av faglig kvalitet. Fra én enkelt konsultasjon kan Nora forberede strukturerte utkast til journalnotater, henvisninger og legeerklæringer.
Løsningen fungerer som et selvstendig dokumentasjonsverktøy og gir deg full kontroll over innhold, språk og vurderinger før noe eventuelt lagres i journal. Resultatet er mindre etterslep, bedre flyt i hverdagen og mer tid til pasientarbeid."
Psychologists & Psychotherapists,Psykologer og psykiatere
Documentation without losing therapeutic depth.,Dokumentasjon – uten å miste terapeutisk dybde.
"Most AI assistants can write notes, but Nordhealth Nora is also designed specifically to enhance your clinical judgment during therapeutic work. It structures high-quality clinical notes in your own style, allowing you to stay fully present with the patient without the distraction of a keyboard. By removing repetitive admin and providing a private space for your notes, it helps you stay clinically aware and mentally prepared between sessions.","Mange AI-verktøy kan skrive tekst. Nordhealth Nora er utviklet for å støtte det kliniske skjønnet i terapeutisk arbeid. Løsningen strukturerer kliniske notater i høy kvalitet, tilpasset din stil og terminologi, slik at du kan være fullt til stede i samtalen.Ved å redusere repetitiv administrasjon og gi deg et privat rom for egne refleksjoner, bidrar Nora til bedre klinisk oversikt og mer mental tilstedeværelse mellom økter."
Physiotherapists,Fysioterapeuter
Hands on the patient. Nordhealth Nora does the rest.,Fullt fokus på pasienten. Nordhealth Nora tar seg av dokumentasjonen.
"Nora helps physiotherapists capture accurate, structured notes in seconds—even in the middle of a packed, hands-on schedule. By using hands-free dictation during sessions, you can record assessments, tests, and exercises as they happen, ensuring your goals and treatment plans are clearly organized the moment the treatment ends. Focus fully on treatment rather than typing, ending your day with energy and professional consistency instead of a documentation backlog.","I en travel og praktisk arbeidshverdag hjelper Nora fysioterapeuter med å fange presise og strukturerte notater på sekunder. Med diktering under behandlingen kan du dokumentere undersøkelser, tester og øvelser mens de utføres. Resultatet er tydelige mål, behandlingsplaner og notater – klare når behandlingen er ferdig. Mindre tastatur, mer behandling. "
Speech Therapists,Logopeder
"Precision in every note, for every patient story.","Presisjon i hvert notat, rom for hver klients historie."
"Speech and language therapy requires exactness that traditional documentation often misses. Nordhealth Nora captures the intricate details of every session, allowing you to track linguistic development and cognitive milestones with absolute accuracy. It automatically structures complex assessments into professional drafts that reflect your exact style, ensuring your records are consistent and thorough. Spend your time focusing on the patient’s development, knowing that the critical data points are being captured.",Språk- og taleterapi krever nøyaktighet som tradisjonell dokumentasjon ofte ikke fanger godt nok. Nordhealth Nora samler komplekse detaljer fra hver økt og strukturerer dem til profesjonelle og konsistente notater. Det gjør det enklere å følge språklig utvikling og kognitive milepæler over tid - med trygghet for at viktige detaljer alltid blir dokumentert.
ALL Specialties,Alle spesialiteter
A clinical engine for every specialty.,En klinisk motor – tilpasset ditt fag.
"Nora is built to support the full spectrum of care. Whether you use SOAP, DAP, or custom templates, our AI adapts to your specific clinical language and terminology—ensuring your professional judgment is always reflected, regardless of your field.","Nordhealth Nora er bygget for å støtte et bredt spekter av klinisk arbeid. Enten du bruker SOAP, DAP eller egne maler, tilpasser løsningen seg ditt faglige språk og din terminologi. Ditt kliniske skjønn er alltid utgangspunktet."
We are changing the way AI supports clinical work,Vi endrer hvordan AI støtter klinisk arbeid
"We aren't just automating notes. We are protecting the space between consultation and record. High quality, structured documentation, finalized by you. Every feature we add is crafted with your input, built by Nordhealth, trusted by 30,000 + nordic healthcare professionals.",Vi automatiserer ikke faglige vurderinger. Vi beskytter rommet mellom konsultasjon og journalføring.Strukturert dokumentasjon av høy kvalitet  Alltid ferdigstilt og godkjent av deg  Utviklet i tett samarbeid med behandlere  Bygget av Nordhealth – brukt av over 30 000 nordiske helseprofesjonelle.
Stay present with your patient,
4h+,
Time saved every week,
8000+,
Files added weekly to private notes,
Note quality,
Most valued by Nordhealth Nora users,
Pricing,
Choose the right plan for you,
Choose from two different packages and optional add-ons - getting started is easy,
Monthly,
"Previously €89 / month
€49
/ month (excl. VAT)
14-day free trial

valid until 28.2.2026",
Annual,
Previously €75 / month€39/ month (excl. VAT)annual billing €468 14-day free trial valid until 28.2.202,
Multi-User,
Custom pricing,
Contact us to discuss customized pricing,